s2;;;;;;;;;;;;;;;;;;;;;;;;;;;;;;;;;;;;
;;;;;;;;;;;;;;;;;;;;;;;;;;;;;;;;;;;;acc
;;s5;s6;;r2;;;;;;;;;;;;;;;;;;;;;;;;;;;;;;;
;;;;;s8;;;;;;;;;;;;;;;;;;;;;;;;;;;;;;;
;;;;s10;;;;;;;;;;;;;;;;;;;;;;;;;;;;;;;;
;;;;r4;;;;;;;;;;;;;;;;;;;;;;;;;;;;;;;;
;;;;r5;;;;;;;;;;;;;;;;;;;;;;;;;;;;;;;;
;;s15;;;;r48;;;;;;;;;;;;;;;;;;;;;;;;;;;s16;;;r48
;;;;s10;;r8;;s19;s20;s21;s25;;;;;;;;s28;;;;;;;;;;;;;s29;;;;
;s30;;;;;;;;;;;;;;;;;;;;;;;;;;;;;;;;;;;
;r6;;;;;;r6;;;;;;;r6;;r6;;r6;;;;;;;;;;;;;;;;;;
;;;;;;;;;;;;;;;;;;;;;;;;;;;;;;;;;;;;r1
;;s15;;;;r48;;;;;;;;;;;;;;;;;;;;;;;;;;;s16;;;r48
;;;;;;;;;;;;;;;;;;;;;;;;;;;;;;;;;;s34;;
;;;;;;;;;;;;;;;;;;;;;;;;;;;;;;;;s29;;;;
;;;;;;;;;;;;;;;;;;;;;;;;;;;;;;;;r52;;;;
;;;;;;;;;;;;;;;;;;;;;;;;;;;;;;;;r53;;;;
;;;;;;s36;;;;;;;;;;;;;;;;;;;;;;;;;;;;;;
;;;;;;;s37;;;;;;;;;;;;;;;;;;;;;;;;;;;;;
;;;;;;;r10;;;;;;;;;;;;;;;;;;;;;;;;;;;;;
;;;;;;;r11;;;;;;;;;;;;;;;;;;;;;;;;;;;;;
;;;;s10;;;;;;;;s41;s42;;;;;;;;;;;;;;;;;;;;;;;
;;;;;;;r13;;;;;;;;;;;;;;;;;;;;;;;;;;;;;
;;;;;;;r14;;;;;;;;;;;;;;;;;;;;;;;;;;;;;
;;;;;;;r15;;;;;;;;;;;;;;;;;;;;;;;;;;;;;
;;;;s10;;;;;;;;s41;s42;;;;;;;;;;;;;;;;;;;;;;;
;;;;;;;;;;;;;;s44;;s45;;;;;;;;;;;;;;;;;;;;
;;;;;;;;;;;;;;;;;s46;;;;;;;;;;;;;;;;;;;
;;;;;;;;;;;;;;;;;;;;;;s60;s61;s52;s53;s54;s55;s56;s57;s58;s59;;;;;
;;;;;;;;;;;;;;;;;r47;;;;;;;;;;;;;;;;;;;
;;s5;s6;;r2;;;;;;;;;;;;;;;;;;;;;;;;;;;;;;;
;;;;;;r49;;;;;;;;;;;;;;;;;;;;;;;;;;;;;;r49
;;r50;;;;r50;;;;;;;;;;;;;;;;;;;;;;;;;;;r50;;;r50
;;s5;s6;;;;;;;;;;;;;;;;;;;;;;;;;;;;;;;;;
;;r55;r55;;;;;;;;;;;;;;;;;;;;;;;;;;;;;;;;;
;;;;;;;;;;;;;;;;;s65;;;;;;;;;;;;;;;;;;;
;;r7;;;;;r7;;;;;;;;;;;;;;r7;;;;;;;;;;;;r7;;r7;r7
;;;;s10;;r8;;s19;s20;s21;s25;;;;;;;;s28;;;;;;;;;;;;;s29;;;;
;;;;;;;r12;;;;;;;;;;;;;;;;;;;;;;;;;;;;;
;r17;;;;;;r17;;;;;;;;;;;r17;;;;;;;;;;;;;;;;;;
;r18;;;;;;r18;;;;;;;;;;;r18;;;;;;;;;;;;;;;;;;
;r19;;;;;;r19;;;;;;;;;;;r19;;;;;;;;;;;;;;;;;;
;r20;;;;;;r20;;;;;;;;;;;r20;;;;;;;;;;;;;;;;;;
;;;;;;;r16;;;;;;;;;;;;;;;;;;;;;;;;;;;;;
;;;;;;;;;;;;;;;s67;;;;;;;;;;;;;;;;;;;;;
;;;;s10;;;;;;;;s41;s42;;;;;;;;;s60;s61;s52;s53;s54;s55;s56;s57;s58;s59;s29;;;;
;;;;s10;;;;;;;;s41;s42;;;;;;;;;;;;;;;;;;;;;;;
;;;;;;;;;;;;;;;;;;;;s75;;;;;;;;;;;;;;;;
;;;;;;;;;;;;;;;;;;;;r32;;;;;;;;;;;;;;;;
;;;;;;;;;;;;;;;;;;;;r33;;;;;;;;;;;;;;;;
;;;;;;;;;;;;;;;;;s76;;;;;;;;;;;;;;;;;;;
;;;;;;;;;;;;;;;;;s77;;;;;;;;;;;;;;;;;;;
;;;;;;;;;;;;;;;;;r39;;;;;;;;;;;;;;;;;;;
;;;;;;;;;;;;;;;;;r40;;;;;;;;;;;;;;;;;;;
;;;;;;;;;;;;;;;;;r41;;;;;;;;;;;;;;;;;;;
;;;;;;;;;;;;;;;;;r42;;;;;;;;;;;;;;;;;;;
;;;;;;;;;;;;;;;;;r43;;;;;;;;;;;;;;;;;;;
;;;;;;;;;;;;;;;;;r44;;;;;;;;;;;;;;;;;;;
;;;;;;;;;;;;;;;;;r45;;;;;;;;;;;;;;;;;;;
;;;;;;;;;;;;;;;;;r46;;;;;;;;;;;;;;;;;;;
;;;;;;;;;;;;;;;;;r37;;;;;;;;;;;;;;;;;;;
;;;;;;;;;;;;;;;;;r38;;;;;;;;;;;;;;;;;;;
;;;;;r3;;;;;;;;;;;;;;;;;;;;;;;;;;;;;;;
;;;;;s8;;;;;;;;;;;;;;;;;;;;;;;;;;;;;;;
;;;;s10;;;;;;;;;;;;;;;;;;;;;;;;;;;;;;;;
;;;;s10;;;;;;;;;;;;;;;;;;;;;;;;;;;;;;;;
;;;;;;r9;;;;;;;;;;;;;;;;;;;;;;;;;;;;;;
;;;;;;;r21;;;;;;;;;;;;;;;;;;;;;;;;;;;;;
;;;;;;;r22;;;;;;;;;;;;;;;;;;;;;;;;;;;;;
;;;;;;;r25;;;;;;;;;;;;;;;;;;;;;;;;;;;;;
;;;;;;;r26;;;;;;;;;;;;;;;;;;;;;;;;;;;;;
;;;;;;;r27;;;;;;;;;;;;;;;;;;;;;;;;;;;;;
;;;;;;;;;;;;;;;;;s81;;;;;;;;;;;;;;;;;;;
;;;;;;;;;;;;;;;;;s82;;;;;;;;;;;;;;;;;;;
;s83;;;;;;;;;;;;;;;;;;;;;;;;;;;;;;;;;;;
;;;;;s8;;;;;;;;;;;;;;;;;;;;;;;;;;;;;;;
;;;;s10;;;;;;;;s41;s42;;;;;;;;;;;s52;s53;s54;s55;s56;s57;s58;s59;;;;;
;;;;;;;;;;;;;;;;;;;;;;;;s52;s53;s54;s55;s56;s57;s58;s59;;;;;
;;;;;;;;;;;;;;;;;;;;;;;;;;;;;;;;;;;s90;
;s91;;;;;;;;;;;;;;;;;;;;;;;;;;;;;;;;;;;
;s92;;;;;;;;;;;;;;;;;;;;;;;;;;;;;;;;;;;
;;;;s10;;;;;;;;s41;s42;;;;;;;;;s60;s61;s52;s53;s54;s55;s56;s57;s58;s59;;;;;
;;;;s10;;;;;;;;s41;s42;;;;;;;;;s60;s61;s52;s53;s54;s55;s56;s57;s58;s59;;;;;
;;;;s10;;;;;;;;s41;s42;;;;;;;;;;;;;;;;;;;;;;;
;;;;;;;;;;;;;;;;;;;;;s98;;;;;;;;;;;;;;;
;s99;;;;;;;;;;;;;;;;;;;;;;;;;;;;;;;;;;;
;s100;;;;;;;;;;;;;;;;;;;;;;;;;;;;;;;;;;;
;;;;;;;;;;;;;;;;;s101;;;;;;;;;;;;;;;;;;;
;;;;;;;;;;;;;;;;;;s102;;;;;;;;;;;;;;;;;;
;;s15;;;;r48;;;;;;;;;;;;;;;;;;;;;;;;;;;s16;;;r48
;;r56;;;;r56;;;;;;;;;;;;;;;;;;;;;;;;;;;r56;;;r56
;;s5;s6;;;;;;;;;;;;;;;;;;;;;;;;;;;;;;;;;
;;;;s10;;;;;;;;;;;;;;;;;;;;;;;;;;;;;;;;
;;;;;;;;;;;;;;;;;;s107;;;;;;;;;;;;;;;;;;
;r30;;;;;;;;;;;;;;;;;r30;;;;;;;;;;;;;;;;;;
;r31;;;;;;;;;;;;;;;;;r31;;;;;;;;;;;;;;;;;;
;s108;;;;;;;;;;;;;;;;;;;;;;;;;;;;;;;;;;;
;s109;;;;;;;;;;;;;;;;;;;;;;;;;;;;;;;;;;;
;;;;;s8;;;;;;;;;;;;;;;;;;;;;;;;;;;;;;;
;;;;s10;;;;;;;;s41;s42;;;;;;;;;;;;;;;;;;;;;;;
;;;;;;;;;;;;;;;;;;;;;;;;s52;s53;s54;s55;s56;s57;s58;s59;;;;;
;;;;s10;;;;;;;;s41;s42;;;;;;;;;;;;;;;;;;;;;;;
;;;;;;;;;;;;;;;;;;;;r36;;;;;;;;;;;;;;;;
;;;;;;s113;;;;;;;;;;;;;;;;;;;;;;;;;;;;;;
;;;;;;r58;;;;;;;;;;;;;;;;;;;;;;;;;;;;;;
;;;;s10;;;;;;;;;;;;;;;;;;;;;;;;;;;;;;;;
;s115;;;;;;;;;;;;;;;;;;;;;;;;;;;;;;;;;;;
;r28;;;;;;r28;;;;;;;;;;;r28;;;;;;;;;;;;;;;;;;
;;;;s10;;;;;;;;s41;s42;;;;;;;;;s60;s61;s52;s53;s54;s55;s56;s57;s58;s59;;;;;
;;;;s10;;;;;;;;s41;s42;;;;;;;;;;;;;;;;;;;;;;;
;;;;;;;r24;;;;;;;;;;;;;;;;;;;;;;;;;;;;;
;;;;;;;;;;;;;;;;;;s118;;;;;;;;;;;;;;;;;;
;;;;;;;;;;;;;;;;;;s119;;;;;;;;;;;;;;;;;;
;;r54;;;;r54;;;;;;;;;;;;;;;;;;;;;;;;;;;r54;;;r54
;s120;;;;;;;;;;;;;;;;;;;;;;;;;;;;;;;;;;;
;;;;s10;;;;;;;;;;;;;;;;;;;;;;;;;;;;;;;;
;;;;;;;;;;;;;;;;;;s122;;;;;;;;;;;;;;;;;;
;;;;;;;;;;;;;;;;;;s123;;;;;;;;;;;;;;;;;;
;r34;;;;;;;;;;;;;;;;;r34;;r34;;;;;;;;;;;;;;;;
;;;;;;;;;;;;;;;;;;;;r35;;;;;;;;;;;;;;;;
;;s5;s6;;;;;;;;;;;;;;;;;;;;;;;;;;;;;;;;;
;;;;;;;;;;;;;;;;;;s125;;;;;;;;;;;;;;;;;;
;r29;;;;;;r29;;;;;;;;;;;r29;;;;;;;;;;;;;;;;;;
;;;;;;;r23;;;;;;;;;;;;;;;;;;;;;;;;;;;;;
;;;;s10;;;;;;;;;;;;;;;;;;;;;;;;;;;;;;;;
;;;;;;;;;;;;;;;;;;;;;;;;;;;;;;;;;;r51;;
;s127;;;;;;;;;;;;;;;;;;;;;;;;;;;;;;;;;;;
;;;;;r57;;;;;;;;;;;;;;;;;;;;;;;;;;;;;;;
